{"hidden_size_1": 97, "hidden_size_2": 157, "dropout": 0.07118131433163499, "epochs": 62, "batch_size": 34, "lr_initial": 1.0000000000005122e-05, "num_layers": 2}