{"0.0": 0.5, "0.5": 0.4952960982372748, "2.0": 0.5464352566002274, "3.0": 0.6065114050580588, "4.0": 0.6478027465667916, "5.0": 0.655542328042328, "6.0": 0.751416836183041, "1.5": 0.5093563224624699, "8.0": 0.8053982966234657, "9.0": 0.837791460488829, "10.0": 0.7943165811104599, "11.0": 0.8550743747324651, "12.0": 0.8921028301093861, "2.5": 0.5960881134178919, "14.0": 0.9484425349087003, "15.0": 0.958845029239766, "16.0": 0.9760869565217392, "17.0": 0.9427978318533041, "18.0": 0.9773946360153257, "3.5": 0.6642037127503664, "20.0": 0.9649122807017544, "21.0": 1.0, "22.0": 1.0, "23.0": 1.0, "24.0": 1.0, "4.5": 0.6717460317460318, "22.5": 1.0, "27.0": 1.0, "28.0": 1.0, "26.0": 1.0, "30.0": 1.0, "5.5": 0.7364725606004675, "32.0": 1.0, "33.5": 1.0, "34.5": 1.0, "27.5": 1.0, "1.0": 0.490933096492074, "6.5": 0.7992742866567705, "28.5": 1.0, "7.5": 0.7958239732180529, "29.0": 1.0, "8.5": 0.8071767519080186, "10.5": 0.8241420796859584, "30.5": 1.0, "9.5": 0.8127325445422461, "23.5": 1.0, "31.5": 1.0, "13.5": 0.942594581692326, "19.0": 0.9803921568627452, "32.5": 1.0, "11.5": 0.9100507956805911, "25.5": 1.0, "26.5": 1.0, "12.5": 0.90494290130186, "13.0": 0.9343546660077423, "14.5": 0.9414980904642558, "24.5": 1.0, "7.0": 0.7883711543696338, "15.5": 0.9763888888888889, "16.5": 0.9542920847268673, "17.5": 0.9389330975537873, "29.5": 1.0, "18.5": 0.9692810457516341, "19.5": 0.9453044375644994, "25.0": 1.0, "20.5": 0.9649122807017544, "21.5": 1.0}